{
  "name": "Telegram Gifts Auto-buyer",
  "title": "Gifts Buyer",
  "version": "2025.6 (68)",
  "description": "A Telegram user-bot that automatically buys new gifts, both limited and non-limited. Very flexible setup.",
  "release_date": "13.05.2025",
  "publisher": {
    "name": "Bohdan",
    "contact": {
      "github": "https://github.com/bohd4nx/",
      "telegram": "https://t.me/bohd4nx",
      "website": "https://bohd4n.dev/"
    }
  },
  "repository": {
    "type": "git",
    "url": "https://github.com/bohd4nx/Gifs-buyer",
    "git_url": "https://github.com/bohd4nx/Gifs-buyer.git"
  },
  "dependencies": {
    "install": "pip install -r requirements.txt"
  },
  "license": "MIT",
  "scripts": {
    "start": "python main.py"
  }
}
